Sample Name,Sample ID,Gene Name,Transcript,Census Gene,Drug Name,MUTATION_ID,GENOMIC_MUTATION_ID,LEGACY_MUTATION_ID,AA Mutation,CDS Mutation,Primary Tissue,Tissue Subtype 1,Tissue Subtype 2,Histology,Histology Subtype 1,Histology Subtype 2,Pubmed Id,CGP Study,Somatic Status,Sample Type,Zygosity,Genome Coordinates (GRCh38),Tier,HGVSP,HGVSC,HGVSG,id_individual,ethnicity,disease type
1040049,1040049,EGFR_ENST00000454757,ENST00000454757.6,No,Gefitinib,133402431,COSV51765492,COSM6240,p.T745M,c.2234C>T,lung,right_lower_lobe,NS,carcinoma,adenocarcinoma,NS,17180521,,Previously Reported,Tumour Sample,Unknown,7:55181378..55181378,,ENSP00000395243.3:p.Thr745Met,ENST00000454757.6:c.2234C>T,7:g.55181378C>T,933681,Japanese,lung
1040049,1040049,EGFR_ENST00000638463,ENST00000638463.1,No,Gefitinib,175741430,COSV51765492,COSM6240,p.?,c.*359C>T,lung,right_lower_lobe,NS,carcinoma,adenocarcinoma,NS,17180521,,Previously Reported,Tumour Sample,Unknown,7:55181378..55181378,,,ENST00000638463.1:c.*359C>T,7:g.55181378C>T,933681,Japanese,lung
1040049,1040049,EGFR_ENST00000455089,ENST00000455089.5,No,Gefitinib,134037161,COSV51765492,COSM6240,p.T745M,c.2234C>T,lung,right_lower_lobe,NS,carcinoma,adenocarcinoma,NS,17180521,,Previously Reported,Tumour Sample,Unknown,7:55181378..55181378,,ENSP00000415559.1:p.Thr745Met,ENST00000455089.5:c.2234C>T,7:g.55181378C>T,933681,Japanese,lung
1040049,1040049,EGFR,ENST00000275493.6,Yes,Gefitinib,99680108,COSV51765492,COSM6240,p.T790M,c.2369C>T,lung,right_lower_lobe,NS,carcinoma,adenocarcinoma,NS,17180521,,Previously Reported,Tumour Sample,Unknown,7:55181378..55181378,1,ENSP00000275493.2:p.Thr790Met,ENST00000275493.6:c.2369C>T,7:g.55181378C>T,933681,Japanese,lung
2591469,2591469,EGFR,ENST00000275493.6,Yes,Tyrosine kinase inhibitor - NS,178874787,,COSM21943,p.T790M,c.?,lung,NS,NS,carcinoma,non_small_cell_carcinoma,NS,27528220,,Confirmed Somatic,Tumour Sample,Unknown,,1,ENSP00000275493.2:p.Thr790Met,,,2301817,Chinese,lung
2591493,2591493,EGFR,ENST00000275493.6,Yes,Tyrosine kinase inhibitor - NS,178874787,,COSM21943,p.T790M,c.?,lung,NS,NS,carcinoma,non_small_cell_carcinoma,NS,27528220,,Confirmed Somatic,Tumour Sample,Unknown,,1,ENSP00000275493.2:p.Thr790Met,,,2301829,Chinese,lung
RPC-9,1083085,EGFR,ENST00000275493.6,Yes,Gefitinib,99680108,COSV51765492,COSM6240,p.T790M,c.2369C>T,lung,NS,NS,carcinoma,adenocarcinoma,NS,17699786,,Previously Reported,Cultured,Heterozygous,7:55181378..55181378,1,ENSP00000275493.2:p.Thr790Met,ENST00000275493.6:c.2369C>T,7:g.55181378C>T,974203,Japanese,lung
RPC-9,1083085,EGFR_ENST00000638463,ENST00000638463.1,No,Gefitinib,175741430,COSV51765492,COSM6240,p.?,c.*359C>T,lung,NS,NS,carcinoma,adenocarcinoma,NS,17699786,,Previously Reported,Cultured,Heterozygous,7:55181378..55181378,,,ENST00000638463.1:c.*359C>T,7:g.55181378C>T,974203,Japanese,lung
RPC-9,1083085,EGFR_ENST00000455089,ENST00000455089.5,No,Gefitinib,134037161,COSV51765492,COSM6240,p.T745M,c.2234C>T,lung,NS,NS,carcinoma,adenocarcinoma,NS,17699786,,Previously Reported,Cultured,Heterozygous,7:55181378..55181378,,ENSP00000415559.1:p.Thr745Met,ENST00000455089.5:c.2234C>T,7:g.55181378C>T,974203,Japanese,lung
RPC-9,1083085,EGFR_ENST00000454757,ENST00000454757.6,No,Gefitinib,133402431,COSV51765492,COSM6240,p.T745M,c.2234C>T,lung,NS,NS,carcinoma,adenocarcinoma,NS,17699786,,Previously Reported,Cultured,Heterozygous,7:55181378..55181378,,ENSP00000395243.3:p.Thr745Met,ENST00000454757.6:c.2234C>T,7:g.55181378C>T,974203,Japanese,lung
1803420,1803420,EGFR,ENST00000275493.6,Yes,Gefitinib,178874787,,COSM21943,p.T790M,c.?,lung,right_upper_lobe,NS,carcinoma,adenocarcinoma,NS,23139670,,Previously Reported,Tumour Sample,Unknown,,1,ENSP00000275493.2:p.Thr790Met,,,1636383,Japanese,lung
2076940,2076940,EGFR,ENST00000275493.6,Yes,Gefitinib,178874787,,COSM21943,p.T790M,c.?,lung,NS,NS,carcinoma,squamous_cell_carcinoma,NS,24369725,,Previously Reported,Tumour Sample,Unknown,,1,ENSP00000275493.2:p.Thr790Met,,,1856106,Korean,lung
2591345,2591345,EGFR,ENST00000275493.6,Yes,Tyrosine kinase inhibitor - NS,178874787,,COSM21943,p.T790M,c.?,lung,NS,NS,carcinoma,non_small_cell_carcinoma,NS,27528220,,Confirmed Somatic,Tumour Sample,Unknown,,1,ENSP00000275493.2:p.Thr790Met,,,2301755,Chinese,lung
2591395,2591395,EGFR,ENST00000275493.6,Yes,Tyrosine kinase inhibitor - NS,178874787,,COSM21943,p.T790M,c.?,lung,NS,NS,carcinoma,non_small_cell_carcinoma,NS,27528220,,Confirmed Somatic,Tumour Sample,Unknown,,1,ENSP00000275493.2:p.Thr790Met,,,2301780,Chinese,lung
2624132,2624132,ALK_ENST00000618119,ENST00000618119.4,No,Ceritinib,168309078,COSV66565234,COSM6191344,p.D826N,c.2476G>A,lung,NS,NS,carcinoma,adenocarcinoma,NS,28434515,,Variant of unknown origin,Tumour Sample,Unknown,2:29220744..29220744,,ENSP00000482733.1:p.Asp826Asn,ENST00000618119.4:c.2476G>A,2:g.29220744C>T,2334016,Asian,lung
2624132,2624132,ALK,ENST00000389048.7,Yes,Ceritinib,117243203,COSV66565234,COSM6191344,p.D1203N,c.3607G>A,lung,NS,NS,carcinoma,adenocarcinoma,NS,28434515,,Variant of unknown origin,Tumour Sample,Unknown,2:29220744..29220744,1,ENSP00000373700.3:p.Asp1203Asn,ENST00000389048.7:c.3607G>A,2:g.29220744C>T,2334016,Asian,lung
2624132,2624132,ALK_ENST00000642122,ENST00000642122.1,No,Ceritinib,177506268,COSV66565234,COSM6191344,p.D135N,c.403G>A,lung,NS,NS,carcinoma,adenocarcinoma,NS,28434515,,Variant of unknown origin,Tumour Sample,Unknown,2:29220744..29220744,,ENSP00000493203.1:p.Asp135Asn,ENST00000642122.1:c.403G>A,2:g.29220744C>T,2334016,Asian,lung
1278399,1278399,EGFR_ENST00000638463,ENST00000638463.1,No,Gefitinib,175741430,COSV51765492,COSM6240,p.?,c.*359C>T,lung,right_lower_lobe,NS,carcinoma,adenocarcinoma,NS,19596957,,Previously Reported,Tumour Sample,Unknown,7:55181378..55181378,,,ENST00000638463.1:c.*359C>T,7:g.55181378C>T,1161609,Japanese,lung
1278399,1278399,EGFR,ENST00000275493.6,Yes,Gefitinib,99680108,COSV51765492,COSM6240,p.T790M,c.2369C>T,lung,right_lower_lobe,NS,carcinoma,adenocarcinoma,NS,19596957,,Previously Reported,Tumour Sample,Unknown,7:55181378..55181378,1,ENSP00000275493.2:p.Thr790Met,ENST00000275493.6:c.2369C>T,7:g.55181378C>T,1161609,Japanese,lung
1278399,1278399,EGFR_ENST00000454757,ENST00000454757.6,No,Gefitinib,133402431,COSV51765492,COSM6240,p.T745M,c.2234C>T,lung,right_lower_lobe,NS,carcinoma,adenocarcinoma,NS,19596957,,Previously Reported,Tumour Sample,Unknown,7:55181378..55181378,,ENSP00000395243.3:p.Thr745Met,ENST00000454757.6:c.2234C>T,7:g.55181378C>T,1161609,Japanese,lung
1278399,1278399,EGFR_ENST00000455089,ENST00000455089.5,No,Gefitinib,134037161,COSV51765492,COSM6240,p.T745M,c.2234C>T,lung,right_lower_lobe,NS,carcinoma,adenocarcinoma,NS,19596957,,Previously Reported,Tumour Sample,Unknown,7:55181378..55181378,,ENSP00000415559.1:p.Thr745Met,ENST00000455089.5:c.2234C>T,7:g.55181378C>T,1161609,Japanese,lung
1885137,1885137,EGFR,ENST00000275493.6,Yes,Erlotinib,178874787,,COSM21943,p.T790M,c.?,lung,left_lower_lobe,NS,carcinoma,adenocarcinoma,NS,23466741,,Previously Reported,Tumour Sample,Unknown,,1,ENSP00000275493.2:p.Thr790Met,,,1695358,Japanese,lung
2638656,2638656,EGFR,ENST00000275493.6,Yes,Osimertinib,178881455,,COSM4389219,p.G796D,c.?,lung,NS,NS,carcinoma,adenocarcinoma,NS,28572531,,Confirmed Somatic,Tumour Sample,Unknown,,1,ENSP00000275493.2:p.Gly796Asp,,,2346738,Chinese,lung
2841737,2841737,ALK,ENST00000389048.7,Yes,Ceritinib,178874962,,COSM4422789,p.G1202R,c.?,lung,NS,NS,carcinoma,non_small_cell_carcinoma,NS,30683630,,Previously Reported,Tumour Sample,Unknown,,1,ENSP00000373700.3:p.Gly1202Arg,,,2534158,Korean,lung
2864407,2864407,EGFR,ENST00000275493.6,Yes,Osimertinib,178875352,,COSM5010368,p.C797S,c.?,lung,NS,NS,carcinoma,adenocarcinoma,NS,31761448,,Confirmed Somatic,Tumour Sample,Unknown,,1,ENSP00000275493.2:p.Cys797Ser,,,2555814,Chinese,lung
2591353,2591353,EGFR,ENST00000275493.6,Yes,Tyrosine kinase inhibitor - NS,178874787,,COSM21943,p.T790M,c.?,lung,NS,NS,carcinoma,non_small_cell_carcinoma,NS,27528220,,Confirmed Somatic,Tumour Sample,Unknown,,1,ENSP00000275493.2:p.Thr790Met,,,2301759,Chinese,lung
2876040,2876040,EGFR_ENST00000454757,ENST00000454757.6,No,Osimertinib,133404423,COSV51834362,COSM6503269,p.L673Q,c.2018T>A,lung,NS,NS,carcinoma,adenocarcinoma,NS,29506987,,Confirmed Somatic,Tumour Sample,Unknown,7:55174012..55174012,,ENSP00000395243.3:p.Leu673Gln,ENST00000454757.6:c.2018T>A,7:g.55174012T>A,2566477,Chinese,lung
2876040,2876040,EGFR_ENST00000455089,ENST00000455089.5,No,Osimertinib,134038832,COSV51834362,COSM6503269,p.L673Q,c.2018T>A,lung,NS,NS,carcinoma,adenocarcinoma,NS,29506987,,Confirmed Somatic,Tumour Sample,Unknown,7:55174012..55174012,,ENSP00000415559.1:p.Leu673Gln,ENST00000455089.5:c.2018T>A,7:g.55174012T>A,2566477,Chinese,lung
2876040,2876040,EGFR_ENST00000638463,ENST00000638463.1,No,Osimertinib,175742983,COSV51834362,COSM6503269,p.?,c.*143T>A,lung,NS,NS,carcinoma,adenocarcinoma,NS,29506987,,Confirmed Somatic,Tumour Sample,Unknown,7:55174012..55174012,,,ENST00000638463.1:c.*143T>A,7:g.55174012T>A,2566477,Chinese,lung
2876040,2876040,EGFR,ENST00000275493.6,Yes,Osimertinib,99682223,COSV51834362,COSM6503269,p.L718Q,c.2153T>A,lung,NS,NS,carcinoma,adenocarcinoma,NS,29506987,,Confirmed Somatic,Tumour Sample,Unknown,7:55174012..55174012,1,ENSP00000275493.2:p.Leu718Gln,ENST00000275493.6:c.2153T>A,7:g.55174012T>A,2566477,Chinese,lung
2605904,2605904,MET,ENST00000318493.10,Yes,Erlotinib,178874888,,COSM24688,p.?,c.?,lung,NS,NS,carcinoma,adenocarcinoma,NS,28271038,,Previously Reported,Tumour Sample,Unknown,,1,,,,2316171,Japanese,lung
2876034,2876034,EGFR_ENST00000454757,ENST00000454757.6,No,Osimertinib,133416409,COSV51832101,COSM6493933,p.L747F,c.2239C>T,lung,NS,NS,carcinoma,adenocarcinoma,NS,29506987,,Confirmed Somatic,Tumour Sample,Unknown,7:55181383..55181383,,ENSP00000395243.3:p.Leu747Phe,ENST00000454757.6:c.2239C>T,7:g.55181383C>T,2566475,Chinese,lung
2876034,2876034,EGFR_ENST00000455089,ENST00000455089.5,No,Osimertinib,134048386,COSV51832101,COSM6493933,p.L747F,c.2239C>T,lung,NS,NS,carcinoma,adenocarcinoma,NS,29506987,,Confirmed Somatic,Tumour Sample,Unknown,7:55181383..55181383,,ENSP00000415559.1:p.Leu747Phe,ENST00000455089.5:c.2239C>T,7:g.55181383C>T,2566475,Chinese,lung
2876034,2876034,EGFR_ENST00000455089,ENST00000455089.5,No,Osimertinib,134048400,COSV51832145,COSM6493936,p.C752G,c.2254T>G,lung,NS,NS,carcinoma,adenocarcinoma,NS,29506987,,Confirmed Somatic,Tumour Sample,Unknown,7:55181398..55181398,,ENSP00000415559.1:p.Cys752Gly,ENST00000455089.5:c.2254T>G,7:g.55181398T>G,2566475,Chinese,lung
2876034,2876034,EGFR_ENST00000638463,ENST00000638463.1,No,Osimertinib,175750944,COSV51766493,COSM6493937,p.?,c.*379T>A,lung,NS,NS,carcinoma,adenocarcinoma,NS,29506987,,Confirmed Somatic,Tumour Sample,Unknown,7:55181398..55181398,,,ENST00000638463.1:c.*379T>A,7:g.55181398T>A,2566475,Chinese,lung
2876034,2876034,EGFR,ENST00000275493.6,Yes,Osimertinib,99692976,COSV51766493,COSM6493937,p.C797S,c.2389T>A,lung,NS,NS,carcinoma,adenocarcinoma,NS,29506987,,Confirmed Somatic,Tumour Sample,Unknown,7:55181398..55181398,1,ENSP00000275493.2:p.Cys797Ser,ENST00000275493.6:c.2389T>A,7:g.55181398T>A,2566475,Chinese,lung
2876034,2876034,EGFR_ENST00000455089,ENST00000455089.5,No,Osimertinib,134046548,COSV51766493,COSM6493937,p.C752S,c.2254T>A,lung,NS,NS,carcinoma,adenocarcinoma,NS,29506987,,Confirmed Somatic,Tumour Sample,Unknown,7:55181398..55181398,,ENSP00000415559.1:p.Cys752Ser,ENST00000455089.5:c.2254T>A,7:g.55181398T>A,2566475,Chinese,lung
2876034,2876034,EGFR_ENST00000638463,ENST00000638463.1,No,Osimertinib,175752683,COSV51832145,COSM6493936,p.?,c.*379T>G,lung,NS,NS,carcinoma,adenocarcinoma,NS,29506987,,Confirmed Somatic,Tumour Sample,Unknown,7:55181398..55181398,,,ENST00000638463.1:c.*379T>G,7:g.55181398T>G,2566475,Chinese,lung
2876034,2876034,EGFR_ENST00000454757,ENST00000454757.6,No,Osimertinib,133414553,COSV51766493,COSM6493937,p.C752S,c.2254T>A,lung,NS,NS,carcinoma,adenocarcinoma,NS,29506987,,Confirmed Somatic,Tumour Sample,Unknown,7:55181398..55181398,,ENSP00000395243.3:p.Cys752Ser,ENST00000454757.6:c.2254T>A,7:g.55181398T>A,2566475,Chinese,lung
2876034,2876034,EGFR_ENST00000454757,ENST00000454757.6,No,Osimertinib,133416428,COSV51832145,COSM6493936,p.C752G,c.2254T>G,lung,NS,NS,carcinoma,adenocarcinoma,NS,29506987,,Confirmed Somatic,Tumour Sample,Unknown,7:55181398..55181398,,ENSP00000395243.3:p.Cys752Gly,ENST00000454757.6:c.2254T>G,7:g.55181398T>G,2566475,Chinese,lung
2876034,2876034,EGFR,ENST00000275493.6,Yes,Osimertinib,99695067,COSV51832101,COSM6493933,p.L792F,c.2374C>T,lung,NS,NS,carcinoma,adenocarcinoma,NS,29506987,,Confirmed Somatic,Tumour Sample,Unknown,7:55181383..55181383,1,ENSP00000275493.2:p.Leu792Phe,ENST00000275493.6:c.2374C>T,7:g.55181383C>T,2566475,Chinese,lung
2876034,2876034,EGFR,ENST00000275493.6,Yes,Osimertinib,99695082,COSV51832145,COSM6493936,p.C797G,c.2389T>G,lung,NS,NS,carcinoma,adenocarcinoma,NS,29506987,,Confirmed Somatic,Tumour Sample,Unknown,7:55181398..55181398,1,ENSP00000275493.2:p.Cys797Gly,ENST00000275493.6:c.2389T>G,7:g.55181398T>G,2566475,Chinese,lung
2876034,2876034,EGFR_ENST00000638463,ENST00000638463.1,No,Osimertinib,175752670,COSV51832101,COSM6493933,p.?,c.*364C>T,lung,NS,NS,carcinoma,adenocarcinoma,NS,29506987,,Confirmed Somatic,Tumour Sample,Unknown,7:55181383..55181383,,,ENST00000638463.1:c.*364C>T,7:g.55181383C>T,2566475,Chinese,lung
2876037,2876037,EGFR,ENST00000275493.6,Yes,Osimertinib,99688302,COSV51766509,COSM5945664,p.C797S,c.2390G>C,lung,NS,NS,carcinoma,adenocarcinoma,NS,29506987,,Confirmed Somatic,Tumour Sample,Unknown,7:55181399..55181399,1,ENSP00000275493.2:p.Cys797Ser,ENST00000275493.6:c.2390G>C,7:g.55181399G>C,2566476,Chinese,lung
2876037,2876037,EGFR_ENST00000638463,ENST00000638463.1,No,Osimertinib,175750944,COSV51766493,COSM6493937,p.?,c.*379T>A,lung,NS,NS,carcinoma,adenocarcinoma,NS,29506987,,Confirmed Somatic,Tumour Sample,Unknown,7:55181398..55181398,,,ENST00000638463.1:c.*379T>A,7:g.55181398T>A,2566476,Chinese,lung
2876037,2876037,EGFR,ENST00000275493.6,Yes,Osimertinib,99695067,COSV51832101,COSM6493933,p.L792F,c.2374C>T,lung,NS,NS,carcinoma,adenocarcinoma,NS,29506987,,Confirmed Somatic,Tumour Sample,Unknown,7:55181383..55181383,1,ENSP00000275493.2:p.Leu792Phe,ENST00000275493.6:c.2374C>T,7:g.55181383C>T,2566476,Chinese,lung
2876037,2876037,EGFR_ENST00000454757,ENST00000454757.6,No,Osimertinib,133414553,COSV51766493,COSM6493937,p.C752S,c.2254T>A,lung,NS,NS,carcinoma,adenocarcinoma,NS,29506987,,Confirmed Somatic,Tumour Sample,Unknown,7:55181398..55181398,,ENSP00000395243.3:p.Cys752Ser,ENST00000454757.6:c.2254T>A,7:g.55181398T>A,2566476,Chinese,lung
2876037,2876037,EGFR_ENST00000455089,ENST00000455089.5,No,Osimertinib,134048390,COSV51832111,COSM6493934,p.L747H,c.2240T>A,lung,NS,NS,carcinoma,adenocarcinoma,NS,29506987,,Confirmed Somatic,Tumour Sample,Unknown,7:55181384..55181384,,ENSP00000415559.1:p.Leu747His,ENST00000455089.5:c.2240T>A,7:g.55181384T>A,2566476,Chinese,lung
2876037,2876037,EGFR_ENST00000638463,ENST00000638463.1,No,Osimertinib,175742983,COSV51834362,COSM6503269,p.?,c.*143T>A,lung,NS,NS,carcinoma,adenocarcinoma,NS,29506987,,Confirmed Somatic,Tumour Sample,Unknown,7:55174012..55174012,,,ENST00000638463.1:c.*143T>A,7:g.55174012T>A,2566476,Chinese,lung
2876037,2876037,EGFR_ENST00000455089,ENST00000455089.5,No,Osimertinib,134048386,COSV51832101,COSM6493933,p.L747F,c.2239C>T,lung,NS,NS,carcinoma,adenocarcinoma,NS,29506987,,Confirmed Somatic,Tumour Sample,Unknown,7:55181383..55181383,,ENSP00000415559.1:p.Leu747Phe,ENST00000455089.5:c.2239C>T,7:g.55181383C>T,2566476,Chinese,lung
2876037,2876037,EGFR_ENST00000638463,ENST00000638463.1,No,Osimertinib,175752674,COSV51832111,COSM6493934,p.?,c.*365T>A,lung,NS,NS,carcinoma,adenocarcinoma,NS,29506987,,Confirmed Somatic,Tumour Sample,Unknown,7:55181384..55181384,,,ENST00000638463.1:c.*365T>A,7:g.55181384T>A,2566476,Chinese,lung
2876037,2876037,EGFR_ENST00000638463,ENST00000638463.1,No,Osimertinib,175752670,COSV51832101,COSM6493933,p.?,c.*364C>T,lung,NS,NS,carcinoma,adenocarcinoma,NS,29506987,,Confirmed Somatic,Tumour Sample,Unknown,7:55181383..55181383,,,ENST00000638463.1:c.*364C>T,7:g.55181383C>T,2566476,Chinese,lung
2876037,2876037,EGFR_ENST00000455089,ENST00000455089.5,No,Osimertinib,134046548,COSV51766493,COSM6493937,p.C752S,c.2254T>A,lung,NS,NS,carcinoma,adenocarcinoma,NS,29506987,,Confirmed Somatic,Tumour Sample,Unknown,7:55181398..55181398,,ENSP00000415559.1:p.Cys752Ser,ENST00000455089.5:c.2254T>A,7:g.55181398T>A,2566476,Chinese,lung
2876037,2876037,EGFR,ENST00000275493.6,Yes,Osimertinib,99692976,COSV51766493,COSM6493937,p.C797S,c.2389T>A,lung,NS,NS,carcinoma,adenocarcinoma,NS,29506987,,Confirmed Somatic,Tumour Sample,Unknown,7:55181398..55181398,1,ENSP00000275493.2:p.Cys797Ser,ENST00000275493.6:c.2389T>A,7:g.55181398T>A,2566476,Chinese,lung
2876037,2876037,EGFR_ENST00000454757,ENST00000454757.6,No,Osimertinib,133409867,COSV51766509,COSM5945664,p.C752S,c.2255G>C,lung,NS,NS,carcinoma,adenocarcinoma,NS,29506987,,Confirmed Somatic,Tumour Sample,Unknown,7:55181399..55181399,,ENSP00000395243.3:p.Cys752Ser,ENST00000454757.6:c.2255G>C,7:g.55181399G>C,2566476,Chinese,lung
2876037,2876037,EGFR_ENST00000455089,ENST00000455089.5,No,Osimertinib,134043139,COSV51766509,COSM5945664,p.C752S,c.2255G>C,lung,NS,NS,carcinoma,adenocarcinoma,NS,29506987,,Confirmed Somatic,Tumour Sample,Unknown,7:55181399..55181399,,ENSP00000415559.1:p.Cys752Ser,ENST00000455089.5:c.2255G>C,7:g.55181399G>C,2566476,Chinese,lung
2876037,2876037,EGFR_ENST00000638463,ENST00000638463.1,No,Osimertinib,175747467,COSV51766509,COSM5945664,p.?,c.*380G>C,lung,NS,NS,carcinoma,adenocarcinoma,NS,29506987,,Confirmed Somatic,Tumour Sample,Unknown,7:55181399..55181399,,,ENST00000638463.1:c.*380G>C,7:g.55181399G>C,2566476,Chinese,lung
2876037,2876037,EGFR,ENST00000275493.6,Yes,Osimertinib,99682223,COSV51834362,COSM6503269,p.L718Q,c.2153T>A,lung,NS,NS,carcinoma,adenocarcinoma,NS,29506987,,Confirmed Somatic,Tumour Sample,Unknown,7:55174012..55174012,1,ENSP00000275493.2:p.Leu718Gln,ENST00000275493.6:c.2153T>A,7:g.55174012T>A,2566476,Chinese,lung
2876037,2876037,EGFR,ENST00000275493.6,Yes,Osimertinib,99695073,COSV51832111,COSM6493934,p.L792H,c.2375T>A,lung,NS,NS,carcinoma,adenocarcinoma,NS,29506987,,Confirmed Somatic,Tumour Sample,Unknown,7:55181384..55181384,1,ENSP00000275493.2:p.Leu792His,ENST00000275493.6:c.2375T>A,7:g.55181384T>A,2566476,Chinese,lung
2876037,2876037,EGFR_ENST00000454757,ENST00000454757.6,No,Osimertinib,133404423,COSV51834362,COSM6503269,p.L673Q,c.2018T>A,lung,NS,NS,carcinoma,adenocarcinoma,NS,29506987,,Confirmed Somatic,Tumour Sample,Unknown,7:55174012..55174012,,ENSP00000395243.3:p.Leu673Gln,ENST00000454757.6:c.2018T>A,7:g.55174012T>A,2566476,Chinese,lung
2876037,2876037,EGFR_ENST00000454757,ENST00000454757.6,No,Osimertinib,133416409,COSV51832101,COSM6493933,p.L747F,c.2239C>T,lung,NS,NS,carcinoma,adenocarcinoma,NS,29506987,,Confirmed Somatic,Tumour Sample,Unknown,7:55181383..55181383,,ENSP00000395243.3:p.Leu747Phe,ENST00000454757.6:c.2239C>T,7:g.55181383C>T,2566476,Chinese,lung
2876037,2876037,EGFR_ENST00000455089,ENST00000455089.5,No,Osimertinib,134038832,COSV51834362,COSM6503269,p.L673Q,c.2018T>A,lung,NS,NS,carcinoma,adenocarcinoma,NS,29506987,,Confirmed Somatic,Tumour Sample,Unknown,7:55174012..55174012,,ENSP00000415559.1:p.Leu673Gln,ENST00000455089.5:c.2018T>A,7:g.55174012T>A,2566476,Chinese,lung
2876037,2876037,EGFR_ENST00000454757,ENST00000454757.6,No,Osimertinib,133416414,COSV51832111,COSM6493934,p.L747H,c.2240T>A,lung,NS,NS,carcinoma,adenocarcinoma,NS,29506987,,Confirmed Somatic,Tumour Sample,Unknown,7:55181384..55181384,,ENSP00000395243.3:p.Leu747His,ENST00000454757.6:c.2240T>A,7:g.55181384T>A,2566476,Chinese,lung
1591001,1591001,EGFR,ENST00000275493.6,Yes,Gefitinib,178874787,,COSM21943,p.T790M,c.?,lung,NS,NS,carcinoma,adenocarcinoma,NS,22052230,,Previously Reported,Tumour Sample,Unknown,,1,ENSP00000275493.2:p.Thr790Met,,,1456382,Japanese,lung
2104642,2104642,EGFR,ENST00000275493.6,Yes,Gefitinib,178874787,,COSM21943,p.T790M,c.?,lung,right_middle_lobe,NS,carcinoma,adenocarcinoma,NS,24555578,,Previously Reported,Tumour Sample,Unknown,,1,ENSP00000275493.2:p.Thr790Met,,,1877690,Japanese,lung
1774670,1774670,EGFR,ENST00000275493.6,Yes,Gefitinib,178874787,,COSM21943,p.T790M,c.?,lung,NS,NS,carcinoma,adenocarcinoma,NS,22993320,,Previously Reported,Tumour Sample,Unknown,,1,ENSP00000275493.2:p.Thr790Met,,,1612564,Japanese,lung
2076950,2076950,EGFR,ENST00000275493.6,Yes,Gefitinib,178874787,,COSM21943,p.T790M,c.?,lung,NS,NS,carcinoma,adenocarcinoma,NS,24369725,,Previously Reported,Tumour Sample,Unknown,,1,ENSP00000275493.2:p.Thr790Met,,,1856111,Korean,lung
2591475,2591475,EGFR,ENST00000275493.6,Yes,Tyrosine kinase inhibitor - NS,178874787,,COSM21943,p.T790M,c.?,lung,NS,NS,carcinoma,non_small_cell_carcinoma,NS,27528220,,Confirmed Somatic,Tumour Sample,Unknown,,1,ENSP00000275493.2:p.Thr790Met,,,2301820,Chinese,lung
2763255,2763255,ALK,ENST00000389048.7,Yes,Crizotinib,117263834,COSV66582675,COSM98475,p.G1128A,c.3383G>C,lung,left_lower_lobe,NS,carcinoma,adenocarcinoma,NS,30089600,,Variant of unknown origin,Tumour Sample,Heterozygous,2:29222584..29222584,1,ENSP00000373700.3:p.Gly1128Ala,ENST00000389048.7:c.3383G>C,2:g.29222584C>G,2461886,Asian,lung
2763255,2763255,ALK_ENST00000642122,ENST00000642122.1,No,Crizotinib,177509281,COSV66582675,COSM98475,p.G60A,c.179G>C,lung,left_lower_lobe,NS,carcinoma,adenocarcinoma,NS,30089600,,Variant of unknown origin,Tumour Sample,Heterozygous,2:29222584..29222584,,ENSP00000493203.1:p.Gly60Ala,ENST00000642122.1:c.179G>C,2:g.29222584C>G,2461886,Asian,lung
2763255,2763255,ALK_ENST00000618119,ENST00000618119.4,No,Crizotinib,168322571,COSV66582675,COSM98475,p.G751A,c.2252G>C,lung,left_lower_lobe,NS,carcinoma,adenocarcinoma,NS,30089600,,Variant of unknown origin,Tumour Sample,Heterozygous,2:29222584..29222584,,ENSP00000482733.1:p.Gly751Ala,ENST00000618119.4:c.2252G>C,2:g.29222584C>G,2461886,Asian,lung
1043871,1043871,EGFR_ENST00000454757,ENST00000454757.6,No,Gefitinib,133402431,COSV51765492,COSM6240,p.T745M,c.2234C>T,lung,NS,NS,carcinoma,mixed_adenosquamous_carcinoma,NS,17192902,,Previously Reported,NS,Unknown,7:55181378..55181378,,ENSP00000395243.3:p.Thr745Met,ENST00000454757.6:c.2234C>T,7:g.55181378C>T,937246,Japanese,lung
1043871,1043871,EGFR_ENST00000455089,ENST00000455089.5,No,Gefitinib,134037161,COSV51765492,COSM6240,p.T745M,c.2234C>T,lung,NS,NS,carcinoma,mixed_adenosquamous_carcinoma,NS,17192902,,Previously Reported,NS,Unknown,7:55181378..55181378,,ENSP00000415559.1:p.Thr745Met,ENST00000455089.5:c.2234C>T,7:g.55181378C>T,937246,Japanese,lung
1043871,1043871,EGFR_ENST00000638463,ENST00000638463.1,No,Gefitinib,175741430,COSV51765492,COSM6240,p.?,c.*359C>T,lung,NS,NS,carcinoma,mixed_adenosquamous_carcinoma,NS,17192902,,Previously Reported,NS,Unknown,7:55181378..55181378,,,ENST00000638463.1:c.*359C>T,7:g.55181378C>T,937246,Japanese,lung
1043871,1043871,EGFR,ENST00000275493.6,Yes,Gefitinib,99680108,COSV51765492,COSM6240,p.T790M,c.2369C>T,lung,NS,NS,carcinoma,mixed_adenosquamous_carcinoma,NS,17192902,,Previously Reported,NS,Unknown,7:55181378..55181378,1,ENSP00000275493.2:p.Thr790Met,ENST00000275493.6:c.2369C>T,7:g.55181378C>T,937246,Japanese,lung
2591431,2591431,EGFR,ENST00000275493.6,Yes,Tyrosine kinase inhibitor - NS,178874787,,COSM21943,p.T790M,c.?,lung,NS,NS,carcinoma,non_small_cell_carcinoma,NS,27528220,,Confirmed Somatic,Tumour Sample,Unknown,,1,ENSP00000275493.2:p.Thr790Met,,,2301798,Chinese,lung
2076948,2076948,EGFR,ENST00000275493.6,Yes,Gefitinib,178874787,,COSM21943,p.T790M,c.?,lung,NS,NS,carcinoma,adenocarcinoma,NS,24369725,,Previously Reported,Tumour Sample,Unknown,,1,ENSP00000275493.2:p.Thr790Met,,,1856110,Korean,lung
2591341,2591341,EGFR,ENST00000275493.6,Yes,Tyrosine kinase inhibitor - NS,178874787,,COSM21943,p.T790M,c.?,lung,NS,NS,carcinoma,non_small_cell_carcinoma,NS,27528220,,Confirmed Somatic,Tumour Sample,Unknown,,1,ENSP00000275493.2:p.Thr790Met,,,2301753,Chinese,lung
2591455,2591455,EGFR,ENST00000275493.6,Yes,Tyrosine kinase inhibitor - NS,178874787,,COSM21943,p.T790M,c.?,lung,NS,NS,carcinoma,non_small_cell_carcinoma,NS,27528220,,Confirmed Somatic,Tumour Sample,Unknown,,1,ENSP00000275493.2:p.Thr790Met,,,2301810,Chinese,lung
2730698,2730698,EGFR,ENST00000275493.6,Yes,Osimertinib,99681351,COSV51782925,COSM24267,p.L747P,c.2239_2240delinsCC,lung,left_upper_lobe,NS,carcinoma,adenocarcinoma,NS,29673089,,Previously Reported,Tumour Sample,Unknown,7:55174776..55174777,1,ENSP00000275493.2:p.Leu747Pro,ENST00000275493.6:c.2239_2240delinsCC,7:g.55174776_55174777delinsCC,2434624,Chinese,lung
2730698,2730698,EGFR_ENST00000455089,ENST00000455089.5,No,Osimertinib,134038200,COSV51782925,COSM24267,p.L702P,c.2104_2105delinsCC,lung,left_upper_lobe,NS,carcinoma,adenocarcinoma,NS,29673089,,Previously Reported,Tumour Sample,Unknown,7:55174776..55174777,,ENSP00000415559.1:p.Leu702Pro,ENST00000455089.5:c.2104_2105delinsCC,7:g.55174776_55174777delinsCC,2434624,Chinese,lung
2730698,2730698,EGFR_ENST00000638463,ENST00000638463.1,No,Osimertinib,175742297,COSV51782925,COSM24267,p.?,c.*229_*230delinsCC,lung,left_upper_lobe,NS,carcinoma,adenocarcinoma,NS,29673089,,Previously Reported,Tumour Sample,Unknown,7:55174776..55174777,,,ENST00000638463.1:c.*229_*230delinsCC,7:g.55174776_55174777delinsCC,2434624,Chinese,lung
2730698,2730698,EGFR_ENST00000454757,ENST00000454757.6,No,Osimertinib,133403583,COSV51782925,COSM24267,p.L702P,c.2104_2105delinsCC,lung,left_upper_lobe,NS,carcinoma,adenocarcinoma,NS,29673089,,Previously Reported,Tumour Sample,Unknown,7:55174776..55174777,,ENSP00000395243.3:p.Leu702Pro,ENST00000454757.6:c.2104_2105delinsCC,7:g.55174776_55174777delinsCC,2434624,Chinese,lung
2432354,2432354,ALK,ENST00000389048.7,Yes,Alectinib,178878704,,COSM5352215,p.I1171S,c.?,lung,NS,NS,carcinoma,non_small_cell_carcinoma,NS,26464158,,Variant of unknown origin,Tumour Sample,Unknown,,1,ENSP00000373700.3:p.Ile1171Ser,,,2146845,Asian,lung
2591477,2591477,EGFR,ENST00000275493.6,Yes,Tyrosine kinase inhibitor - NS,178874787,,COSM21943,p.T790M,c.?,lung,NS,NS,carcinoma,non_small_cell_carcinoma,NS,27528220,,Confirmed Somatic,Tumour Sample,Unknown,,1,ENSP00000275493.2:p.Thr790Met,,,2301821,Chinese,lung
2605636,2605636,MET,ENST00000318493.10,Yes,Crizotinib,178875366,,COSM6024204,p.D1246N,c.?,lung,left,NS,carcinoma,adenocarcinoma,NS,27987579,,Previously Reported,Tumour Sample,Unknown,,1,ENSP00000317272.6:p.Asp1246Asn,,,2315809,Chinese,lung
2605636,2605636,MET,ENST00000318493.10,Yes,Crizotinib,178880267,,COSM6024205,p.Y1248H,c.?,lung,left,NS,carcinoma,adenocarcinoma,NS,27987579,,Previously Reported,Tumour Sample,Unknown,,1,ENSP00000317272.6:p.Tyr1248His,,,2315809,Chinese,lung
2605636,2605636,MET,ENST00000318493.10,Yes,Crizotinib,178880268,,COSM6024203,p.D1246H,c.?,lung,left,NS,carcinoma,adenocarcinoma,NS,27987579,,Previously Reported,Tumour Sample,Unknown,,1,ENSP00000317272.6:p.Asp1246His,,,2315809,Chinese,lung
1319151,1319151,EGFR_ENST00000455089,ENST00000455089.5,No,Erlotinib,134037161,COSV51765492,COSM6240,p.T745M,c.2234C>T,lung,NS,NS,carcinoma,adenocarcinoma,NS,20146086,,Previously Reported,Tumour Sample,Unknown,7:55181378..55181378,,ENSP00000415559.1:p.Thr745Met,ENST00000455089.5:c.2234C>T,7:g.55181378C>T,1201214,Asian,lung
1319151,1319151,EGFR_ENST00000454757,ENST00000454757.6,No,Erlotinib,133402431,COSV51765492,COSM6240,p.T745M,c.2234C>T,lung,NS,NS,carcinoma,adenocarcinoma,NS,20146086,,Previously Reported,Tumour Sample,Unknown,7:55181378..55181378,,ENSP00000395243.3:p.Thr745Met,ENST00000454757.6:c.2234C>T,7:g.55181378C>T,1201214,Asian,lung
1319151,1319151,EGFR_ENST00000638463,ENST00000638463.1,No,Erlotinib,175741430,COSV51765492,COSM6240,p.?,c.*359C>T,lung,NS,NS,carcinoma,adenocarcinoma,NS,20146086,,Previously Reported,Tumour Sample,Unknown,7:55181378..55181378,,,ENST00000638463.1:c.*359C>T,7:g.55181378C>T,1201214,Asian,lung
1319151,1319151,EGFR,ENST00000275493.6,Yes,Erlotinib,99680108,COSV51765492,COSM6240,p.T790M,c.2369C>T,lung,NS,NS,carcinoma,adenocarcinoma,NS,20146086,,Previously Reported,Tumour Sample,Unknown,7:55181378..55181378,1,ENSP00000275493.2:p.Thr790Met,ENST00000275493.6:c.2369C>T,7:g.55181378C>T,1201214,Asian,lung
1601927,1601927,EGFR,ENST00000275493.6,Yes,Gefitinib,178874787,,COSM21943,p.T790M,c.?,lung,right_lower_lobe,NS,carcinoma,adenocarcinoma,NS,22108465,,Previously Reported,Tumour Sample,Unknown,,1,ENSP00000275493.2:p.Thr790Met,,,1464323,Japanese,lung
2076952,2076952,EGFR,ENST00000275493.6,Yes,Gefitinib,178874787,,COSM21943,p.T790M,c.?,lung,NS,NS,carcinoma,adenocarcinoma,NS,24369725,,Previously Reported,Tumour Sample,Unknown,,1,ENSP00000275493.2:p.Thr790Met,,,1856112,Korean,lung
2591375,2591375,EGFR,ENST00000275493.6,Yes,Tyrosine kinase inhibitor - NS,178874787,,COSM21943,p.T790M,c.?,lung,NS,NS,carcinoma,non_small_cell_carcinoma,NS,27528220,,Confirmed Somatic,Tumour Sample,Unknown,,1,ENSP00000275493.2:p.Thr790Met,,,2301770,Chinese,lung
2076944,2076944,EGFR,ENST00000275493.6,Yes,Gefitinib,178874787,,COSM21943,p.T790M,c.?,lung,NS,NS,carcinoma,adenocarcinoma,NS,24369725,,Previously Reported,Tumour Sample,Unknown,,1,ENSP00000275493.2:p.Thr790Met,,,1856108,Korean,lung
2144805,2144805,ALK,ENST00000389048.7,Yes,Crizotinib,117220618,COSV66559314,COSM28054,p.F1174V,c.3520T>G,lung,NS,NS,carcinoma,mixed_adenosquamous_carcinoma,NS,24736079,,Previously Reported,Tumour Sample,Heterozygous,2:29220831..29220831,1,ENSP00000373700.3:p.Phe1174Val,ENST00000389048.7:c.3520T>G,2:g.29220831A>C,1904182,Asian,lung
2144805,2144805,ALK_ENST00000642122,ENST00000642122.1,No,Crizotinib,177503491,COSV66559314,COSM28054,p.F106V,c.316T>G,lung,NS,NS,carcinoma,mixed_adenosquamous_carcinoma,NS,24736079,,Previously Reported,Tumour Sample,Heterozygous,2:29220831..29220831,,ENSP00000493203.1:p.Phe106Val,ENST00000642122.1:c.316T>G,2:g.29220831A>C,1904182,Asian,lung
2144805,2144805,ALK_ENST00000618119,ENST00000618119.4,No,Crizotinib,168296133,COSV66559314,COSM28054,p.F797V,c.2389T>G,lung,NS,NS,carcinoma,mixed_adenosquamous_carcinoma,NS,24736079,,Previously Reported,Tumour Sample,Heterozygous,2:29220831..29220831,,ENSP00000482733.1:p.Phe797Val,ENST00000618119.4:c.2389T>G,2:g.29220831A>C,1904182,Asian,lung
2585344,2585344,MET_ENST00000397752,ENST00000397752.7,No,Crizotinib,118646644,COSV59257466,COSM699,p.Y1230C,c.3689A>G,lung,NS,NS,carcinoma,adenocarcinoma,NS,27666659,,Previously Reported,Tumour Sample,Unknown,7:116783360..116783360,,ENSP00000380860.3:p.Tyr1230Cys,ENST00000397752.7:c.3689A>G,7:g.116783360A>G,2296232,Asian,lung
2585344,2585344,MET,ENST00000318493.10,Yes,Crizotinib,107029479,COSV59257466,COSM699,p.Y1248C,c.3743A>G,lung,NS,NS,carcinoma,adenocarcinoma,NS,27666659,,Previously Reported,Tumour Sample,Unknown,7:116783360..116783360,1,ENSP00000317272.6:p.Tyr1248Cys,ENST00000318493.10:c.3743A>G,7:g.116783360A>G,2296232,Asian,lung
2591449,2591449,EGFR,ENST00000275493.6,Yes,Tyrosine kinase inhibitor - NS,178874787,,COSM21943,p.T790M,c.?,lung,NS,NS,carcinoma,non_small_cell_carcinoma,NS,27528220,,Confirmed Somatic,Tumour Sample,Unknown,,1,ENSP00000275493.2:p.Thr790Met,,,2301807,Chinese,lung
924446,924446,EGFR,ENST00000275493.6,Yes,Gefitinib,99680108,COSV51765492,COSM6240,p.T790M,c.2369C>T,lung,NS,NS,carcinoma,adenocarcinoma,NS,16198442,,Previously Reported,Tumour Sample,Unknown,7:55181378..55181378,1,ENSP00000275493.2:p.Thr790Met,ENST00000275493.6:c.2369C>T,7:g.55181378C>T,823005,Japanese,lung
924446,924446,EGFR_ENST00000454757,ENST00000454757.6,No,Gefitinib,133402431,COSV51765492,COSM6240,p.T745M,c.2234C>T,lung,NS,NS,carcinoma,adenocarcinoma,NS,16198442,,Previously Reported,Tumour Sample,Unknown,7:55181378..55181378,,ENSP00000395243.3:p.Thr745Met,ENST00000454757.6:c.2234C>T,7:g.55181378C>T,823005,Japanese,lung
924446,924446,EGFR_ENST00000455089,ENST00000455089.5,No,Gefitinib,134037161,COSV51765492,COSM6240,p.T745M,c.2234C>T,lung,NS,NS,carcinoma,adenocarcinoma,NS,16198442,,Previously Reported,Tumour Sample,Unknown,7:55181378..55181378,,ENSP00000415559.1:p.Thr745Met,ENST00000455089.5:c.2234C>T,7:g.55181378C>T,823005,Japanese,lung
924446,924446,EGFR_ENST00000638463,ENST00000638463.1,No,Gefitinib,175741430,COSV51765492,COSM6240,p.?,c.*359C>T,lung,NS,NS,carcinoma,adenocarcinoma,NS,16198442,,Previously Reported,Tumour Sample,Unknown,7:55181378..55181378,,,ENST00000638463.1:c.*359C>T,7:g.55181378C>T,823005,Japanese,lung
1278400,1278400,EGFR_ENST00000638463,ENST00000638463.1,No,Gefitinib,175741430,COSV51765492,COSM6240,p.?,c.*359C>T,lung,right_lower_lobe,NS,carcinoma,adenocarcinoma,NS,19596957,,Previously Reported,Tumour Sample,Unknown,7:55181378..55181378,,,ENST00000638463.1:c.*359C>T,7:g.55181378C>T,1161609,Japanese,lung
1278400,1278400,EGFR_ENST00000454757,ENST00000454757.6,No,Gefitinib,133402431,COSV51765492,COSM6240,p.T745M,c.2234C>T,lung,right_lower_lobe,NS,carcinoma,adenocarcinoma,NS,19596957,,Previously Reported,Tumour Sample,Unknown,7:55181378..55181378,,ENSP00000395243.3:p.Thr745Met,ENST00000454757.6:c.2234C>T,7:g.55181378C>T,1161609,Japanese,lung
1278400,1278400,EGFR_ENST00000455089,ENST00000455089.5,No,Gefitinib,134037161,COSV51765492,COSM6240,p.T745M,c.2234C>T,lung,right_lower_lobe,NS,carcinoma,adenocarcinoma,NS,19596957,,Previously Reported,Tumour Sample,Unknown,7:55181378..55181378,,ENSP00000415559.1:p.Thr745Met,ENST00000455089.5:c.2234C>T,7:g.55181378C>T,1161609,Japanese,lung
1278400,1278400,EGFR,ENST00000275493.6,Yes,Gefitinib,99680108,COSV51765492,COSM6240,p.T790M,c.2369C>T,lung,right_lower_lobe,NS,carcinoma,adenocarcinoma,NS,19596957,,Previously Reported,Tumour Sample,Unknown,7:55181378..55181378,1,ENSP00000275493.2:p.Thr790Met,ENST00000275493.6:c.2369C>T,7:g.55181378C>T,1161609,Japanese,lung
2819299,2819299,MET,ENST00000318493.10,Yes,Tyrosine kinase inhibitor - NS,178874888,,COSM24688,p.?,c.?,lung,NS,NS,carcinoma,non_small_cell_carcinoma,NS,30711944,,Confirmed Somatic,Tumour Sample,Unknown,,1,,,,2513710,Japanese,lung
2819302,2819302,EGFR_ENST00000638463,ENST00000638463.1,No,Tyrosine kinase inhibitor - NS,175741430,COSV51765492,COSM6240,p.?,c.*359C>T,lung,NS,NS,carcinoma,non_small_cell_carcinoma,NS,30711944,,Previously Reported,Tumour Sample,Unknown,7:55181378..55181378,,,ENST00000638463.1:c.*359C>T,7:g.55181378C>T,2513713,Japanese,lung
2819302,2819302,EGFR_ENST00000454757,ENST00000454757.6,No,Tyrosine kinase inhibitor - NS,133402431,COSV51765492,COSM6240,p.T745M,c.2234C>T,lung,NS,NS,carcinoma,non_small_cell_carcinoma,NS,30711944,,Previously Reported,Tumour Sample,Unknown,7:55181378..55181378,,ENSP00000395243.3:p.Thr745Met,ENST00000454757.6:c.2234C>T,7:g.55181378C>T,2513713,Japanese,lung
2819302,2819302,EGFR_ENST00000455089,ENST00000455089.5,No,Tyrosine kinase inhibitor - NS,134037161,COSV51765492,COSM6240,p.T745M,c.2234C>T,lung,NS,NS,carcinoma,non_small_cell_carcinoma,NS,30711944,,Previously Reported,Tumour Sample,Unknown,7:55181378..55181378,,ENSP00000415559.1:p.Thr745Met,ENST00000455089.5:c.2234C>T,7:g.55181378C>T,2513713,Japanese,lung
2819302,2819302,EGFR,ENST00000275493.6,Yes,Tyrosine kinase inhibitor - NS,99680108,COSV51765492,COSM6240,p.T790M,c.2369C>T,lung,NS,NS,carcinoma,non_small_cell_carcinoma,NS,30711944,,Previously Reported,Tumour Sample,Unknown,7:55181378..55181378,1,ENSP00000275493.2:p.Thr790Met,ENST00000275493.6:c.2369C>T,7:g.55181378C>T,2513713,Japanese,lung
2591337,2591337,EGFR,ENST00000275493.6,Yes,Tyrosine kinase inhibitor - NS,178874787,,COSM21943,p.T790M,c.?,lung,NS,NS,carcinoma,non_small_cell_carcinoma,NS,27528220,,Confirmed Somatic,Tumour Sample,Unknown,,1,ENSP00000275493.2:p.Thr790Met,,,2301751,Chinese,lung
2076934,2076934,EGFR,ENST00000275493.6,Yes,Gefitinib,178874787,,COSM21943,p.T790M,c.?,lung,NS,NS,carcinoma,adenocarcinoma,NS,24369725,,Previously Reported,Tumour Sample,Unknown,,1,ENSP00000275493.2:p.Thr790Met,,,1856103,Korean,lung
1047910,1047910,EGFR_ENST00000638463,ENST00000638463.1,No,Gefitinib,175741430,COSV51765492,COSM6240,p.?,c.*359C>T,lung,left_upper_lobe,NS,carcinoma,adenocarcinoma,NS,17335935,,Previously Reported,Tumour Sample,Heterozygous,7:55181378..55181378,,,ENST00000638463.1:c.*359C>T,7:g.55181378C>T,941109,Japanese,lung
1047910,1047910,EGFR_ENST00000455089,ENST00000455089.5,No,Gefitinib,134037161,COSV51765492,COSM6240,p.T745M,c.2234C>T,lung,left_upper_lobe,NS,carcinoma,adenocarcinoma,NS,17335935,,Previously Reported,Tumour Sample,Heterozygous,7:55181378..55181378,,ENSP00000415559.1:p.Thr745Met,ENST00000455089.5:c.2234C>T,7:g.55181378C>T,941109,Japanese,lung
1047910,1047910,EGFR_ENST00000454757,ENST00000454757.6,No,Gefitinib,133402431,COSV51765492,COSM6240,p.T745M,c.2234C>T,lung,left_upper_lobe,NS,carcinoma,adenocarcinoma,NS,17335935,,Previously Reported,Tumour Sample,Heterozygous,7:55181378..55181378,,ENSP00000395243.3:p.Thr745Met,ENST00000454757.6:c.2234C>T,7:g.55181378C>T,941109,Japanese,lung
1047910,1047910,EGFR,ENST00000275493.6,Yes,Gefitinib,99680108,COSV51765492,COSM6240,p.T790M,c.2369C>T,lung,left_upper_lobe,NS,carcinoma,adenocarcinoma,NS,17335935,,Previously Reported,Tumour Sample,Heterozygous,7:55181378..55181378,1,ENSP00000275493.2:p.Thr790Met,ENST00000275493.6:c.2369C>T,7:g.55181378C>T,941109,Japanese,lung
1774664,1774664,EGFR,ENST00000275493.6,Yes,Gefitinib,178874787,,COSM21943,p.T790M,c.?,lung,NS,NS,carcinoma,adenocarcinoma,NS,22993320,,Previously Reported,Tumour Sample,Unknown,,1,ENSP00000275493.2:p.Thr790Met,,,1612561,Japanese,lung
1774688,1774688,EGFR,ENST00000275493.6,Yes,Gefitinib,178874787,,COSM21943,p.T790M,c.?,lung,NS,NS,carcinoma,mixed_adenosquamous_carcinoma,NS,22993320,,Previously Reported,Tumour Sample,Unknown,,1,ENSP00000275493.2:p.Thr790Met,,,1612573,Japanese,lung
2841738,2841738,ALK,ENST00000389048.7,Yes,Ceritinib,178874962,,COSM4422789,p.G1202R,c.?,lung,NS,NS,carcinoma,non_small_cell_carcinoma,NS,30683630,,Previously Reported,Tumour Sample,Unknown,,1,ENSP00000373700.3:p.Gly1202Arg,,,2534159,Korean,lung
1591007,1591007,EGFR,ENST00000275493.6,Yes,Gefitinib,178874787,,COSM21943,p.T790M,c.?,lung,NS,NS,carcinoma,adenocarcinoma,NS,22052230,,Previously Reported,Tumour Sample,Unknown,,1,ENSP00000275493.2:p.Thr790Met,,,1456387,Japanese,lung
1774672,1774672,EGFR,ENST00000275493.6,Yes,Gefitinib,178874787,,COSM21943,p.T790M,c.?,lung,NS,NS,carcinoma,adenocarcinoma,NS,22993320,,Previously Reported,Tumour Sample,Unknown,,1,ENSP00000275493.2:p.Thr790Met,,,1612565,Japanese,lung
1591000,1591000,EGFR,ENST00000275493.6,Yes,Gefitinib,178874787,,COSM21943,p.T790M,c.?,lung,NS,NS,carcinoma,adenocarcinoma,NS,22052230,,Previously Reported,Tumour Sample,Unknown,,1,ENSP00000275493.2:p.Thr790Met,,,1456381,Japanese,lung
1591006,1591006,EGFR,ENST00000275493.6,Yes,Gefitinib,178874787,,COSM21943,p.T790M,c.?,lung,NS,NS,carcinoma,adenocarcinoma,NS,22052230,,Previously Reported,Tumour Sample,Unknown,,1,ENSP00000275493.2:p.Thr790Met,,,1456386,Japanese,lung
2076942,2076942,EGFR,ENST00000275493.6,Yes,Gefitinib,178874787,,COSM21943,p.T790M,c.?,lung,NS,NS,carcinoma,adenocarcinoma,NS,24369725,,Previously Reported,Tumour Sample,Unknown,,1,ENSP00000275493.2:p.Thr790Met,,,1856107,Korean,lung
2591451,2591451,EGFR,ENST00000275493.6,Yes,Tyrosine kinase inhibitor - NS,178874787,,COSM21943,p.T790M,c.?,lung,NS,NS,carcinoma,non_small_cell_carcinoma,NS,27528220,,Confirmed Somatic,Tumour Sample,Unknown,,1,ENSP00000275493.2:p.Thr790Met,,,2301808,Chinese,lung
1031893,1031893,EGFR_ENST00000455089,ENST00000455089.5,No,Gefitinib,134048536,COSV51772923,COSM21984,p.D716Y,c.2146G>T,lung,NS,NS,carcinoma,adenocarcinoma,NS,17085664,,Confirmed Somatic,Tumour Sample,Heterozygous,7:55174818..55174818,,ENSP00000415559.1:p.Asp716Tyr,ENST00000455089.5:c.2146G>T,7:g.55174818G>T,925830,Asian,lung
1031893,1031893,EGFR_ENST00000454757,ENST00000454757.6,No,Gefitinib,133416568,COSV51772923,COSM21984,p.D716Y,c.2146G>T,lung,NS,NS,carcinoma,adenocarcinoma,NS,17085664,,Confirmed Somatic,Tumour Sample,Heterozygous,7:55174818..55174818,,ENSP00000395243.3:p.Asp716Tyr,ENST00000454757.6:c.2146G>T,7:g.55174818G>T,925830,Asian,lung
1031893,1031893,EGFR,ENST00000275493.6,Yes,Gefitinib,99695221,COSV51772923,COSM21984,p.D761Y,c.2281G>T,lung,NS,NS,carcinoma,adenocarcinoma,NS,17085664,,Confirmed Somatic,Tumour Sample,Heterozygous,7:55174818..55174818,1,ENSP00000275493.2:p.Asp761Tyr,ENST00000275493.6:c.2281G>T,7:g.55174818G>T,925830,Asian,lung
1031893,1031893,EGFR_ENST00000638463,ENST00000638463.1,No,Gefitinib,175752809,COSV51772923,COSM21984,p.?,c.*271G>T,lung,NS,NS,carcinoma,adenocarcinoma,NS,17085664,,Confirmed Somatic,Tumour Sample,Heterozygous,7:55174818..55174818,,,ENST00000638463.1:c.*271G>T,7:g.55174818G>T,925830,Asian,lung
1590997,1590997,EGFR,ENST00000275493.6,Yes,Gefitinib,178874787,,COSM21943,p.T790M,c.?,lung,NS,NS,carcinoma,adenocarcinoma,NS,22052230,,Previously Reported,Tumour Sample,Unknown,,1,ENSP00000275493.2:p.Thr790Met,,,1456378,Japanese,lung
2076954,2076954,EGFR,ENST00000275493.6,Yes,Gefitinib,178874787,,COSM21943,p.T790M,c.?,lung,NS,NS,carcinoma,adenocarcinoma,NS,24369725,,Previously Reported,Tumour Sample,Unknown,,1,ENSP00000275493.2:p.Thr790Met,,,1856113,Korean,lung
2144806,2144806,ALK_ENST00000618119,ENST00000618119.4,No,Crizotinib,168292034,COSV66555808,COSM144250,p.G825R,c.2473G>A,lung,NS,NS,carcinoma,adenocarcinoma,NS,24736079,,Previously Reported,Tumour Sample,Heterozygous,2:29220747..29220747,,ENSP00000482733.1:p.Gly825Arg,ENST00000618119.4:c.2473G>A,2:g.29220747C>T,1904183,Asian,lung
2144806,2144806,ALK_ENST00000642122,ENST00000642122.1,No,Crizotinib,177502452,COSV66555808,COSM144250,p.G134R,c.400G>A,lung,NS,NS,carcinoma,adenocarcinoma,NS,24736079,,Previously Reported,Tumour Sample,Heterozygous,2:29220747..29220747,,ENSP00000493203.1:p.Gly134Arg,ENST00000642122.1:c.400G>A,2:g.29220747C>T,1904183,Asian,lung
2144806,2144806,ALK,ENST00000389048.7,Yes,Crizotinib,117213293,COSV66555808,COSM144250,p.G1202R,c.3604G>A,lung,NS,NS,carcinoma,adenocarcinoma,NS,24736079,,Previously Reported,Tumour Sample,Heterozygous,2:29220747..29220747,1,ENSP00000373700.3:p.Gly1202Arg,ENST00000389048.7:c.3604G>A,2:g.29220747C>T,1904183,Asian,lung
2638655,2638655,EGFR,ENST00000275493.6,Yes,Gefitinib,178874787,,COSM21943,p.T790M,c.?,lung,NS,NS,carcinoma,adenocarcinoma,NS,28572531,,Confirmed Somatic,Tumour Sample,Unknown,,1,ENSP00000275493.2:p.Thr790Met,,,2346738,Chinese,lung
2822954,2822954,EGFR,ENST00000275493.6,Yes,Osimertinib,178875132,,COSM9167608,p.L718Q,c.?,lung,NS,NS,carcinoma,adenocarcinoma,NS,29807405,,Variant of unknown origin,Tumour Sample,Unknown,,1,ENSP00000275493.2:p.Leu718Gln,,,2516870,Korean,lung
1601929,1601929,EGFR,ENST00000275493.6,Yes,Erlotinib,178874787,,COSM21943,p.T790M,c.?,lung,right_lower_lobe,NS,carcinoma,adenocarcinoma,NS,22108465,,Previously Reported,Tumour Sample,Unknown,,1,ENSP00000275493.2:p.Thr790Met,,,1464323,Japanese,lung
2591355,2591355,EGFR,ENST00000275493.6,Yes,Tyrosine kinase inhibitor - NS,178874787,,COSM21943,p.T790M,c.?,lung,NS,NS,carcinoma,non_small_cell_carcinoma,NS,27528220,,Confirmed Somatic,Tumour Sample,Unknown,,1,ENSP00000275493.2:p.Thr790Met,,,2301760,Chinese,lung
2591429,2591429,EGFR,ENST00000275493.6,Yes,Tyrosine kinase inhibitor - NS,178874787,,COSM21943,p.T790M,c.?,lung,NS,NS,carcinoma,non_small_cell_carcinoma,NS,27528220,,Confirmed Somatic,Tumour Sample,Unknown,,1,ENSP00000275493.2:p.Thr790Met,,,2301797,Chinese,lung
2591465,2591465,EGFR,ENST00000275493.6,Yes,Tyrosine kinase inhibitor - NS,178874787,,COSM21943,p.T790M,c.?,lung,NS,NS,carcinoma,non_small_cell_carcinoma,NS,27528220,,Confirmed Somatic,Tumour Sample,Unknown,,1,ENSP00000275493.2:p.Thr790Met,,,2301815,Chinese,lung
2591421,2591421,EGFR,ENST00000275493.6,Yes,Tyrosine kinase inhibitor - NS,178874787,,COSM21943,p.T790M,c.?,lung,NS,NS,carcinoma,non_small_cell_carcinoma,NS,27528220,,Confirmed Somatic,Tumour Sample,Unknown,,1,ENSP00000275493.2:p.Thr790Met,,,2301793,Chinese,lung
2841739,2841739,ROS1,ENST00000368508.7,Yes,Crizotinib,178887432,,COSM9413099,p.G2032R,c.?,lung,NS,NS,carcinoma,non_small_cell_carcinoma,NS,30683630,,Variant of unknown origin,Tumour Sample,Unknown,,1,ENSP00000357494.3:p.Gly2032Arg,,,2534160,Korean,lung
2819289,2819289,EGFR,ENST00000275493.6,Yes,Tyrosine kinase inhibitor - NS,99680108,COSV51765492,COSM6240,p.T790M,c.2369C>T,lung,NS,NS,carcinoma,non_small_cell_carcinoma,NS,30711944,,Previously Reported,Tumour Sample,Unknown,7:55181378..55181378,1,ENSP00000275493.2:p.Thr790Met,ENST00000275493.6:c.2369C>T,7:g.55181378C>T,2513703,Japanese,lung
2819289,2819289,EGFR_ENST00000638463,ENST00000638463.1,No,Tyrosine kinase inhibitor - NS,175741430,COSV51765492,COSM6240,p.?,c.*359C>T,lung,NS,NS,carcinoma,non_small_cell_carcinoma,NS,30711944,,Previously Reported,Tumour Sample,Unknown,7:55181378..55181378,,,ENST00000638463.1:c.*359C>T,7:g.55181378C>T,2513703,Japanese,lung
2819289,2819289,EGFR_ENST00000454757,ENST00000454757.6,No,Tyrosine kinase inhibitor - NS,133402431,COSV51765492,COSM6240,p.T745M,c.2234C>T,lung,NS,NS,carcinoma,non_small_cell_carcinoma,NS,30711944,,Previously Reported,Tumour Sample,Unknown,7:55181378..55181378,,ENSP00000395243.3:p.Thr745Met,ENST00000454757.6:c.2234C>T,7:g.55181378C>T,2513703,Japanese,lung
2819289,2819289,EGFR_ENST00000455089,ENST00000455089.5,No,Tyrosine kinase inhibitor - NS,134037161,COSV51765492,COSM6240,p.T745M,c.2234C>T,lung,NS,NS,carcinoma,non_small_cell_carcinoma,NS,30711944,,Previously Reported,Tumour Sample,Unknown,7:55181378..55181378,,ENSP00000415559.1:p.Thr745Met,ENST00000455089.5:c.2234C>T,7:g.55181378C>T,2513703,Japanese,lung
2864406,2864406,EGFR,ENST00000275493.6,Yes,Tyrosine kinase inhibitor - NS,178874787,,COSM21943,p.T790M,c.?,lung,NS,NS,carcinoma,adenocarcinoma,NS,31761448,,Confirmed Somatic,Tumour Sample,Unknown,,1,ENSP00000275493.2:p.Thr790Met,,,2555813,Chinese,lung
2819306,2819306,EGFR_ENST00000455089,ENST00000455089.5,No,Tyrosine kinase inhibitor - NS,134037161,COSV51765492,COSM6240,p.T745M,c.2234C>T,lung,NS,NS,carcinoma,non_small_cell_carcinoma,NS,30711944,,Previously Reported,Tumour Sample,Unknown,7:55181378..55181378,,ENSP00000415559.1:p.Thr745Met,ENST00000455089.5:c.2234C>T,7:g.55181378C>T,2513717,Japanese,lung
2819306,2819306,EGFR,ENST00000275493.6,Yes,Tyrosine kinase inhibitor - NS,99680108,COSV51765492,COSM6240,p.T790M,c.2369C>T,lung,NS,NS,carcinoma,non_small_cell_carcinoma,NS,30711944,,Previously Reported,Tumour Sample,Unknown,7:55181378..55181378,1,ENSP00000275493.2:p.Thr790Met,ENST00000275493.6:c.2369C>T,7:g.55181378C>T,2513717,Japanese,lung
2819306,2819306,EGFR_ENST00000638463,ENST00000638463.1,No,Tyrosine kinase inhibitor - NS,175741430,COSV51765492,COSM6240,p.?,c.*359C>T,lung,NS,NS,carcinoma,non_small_cell_carcinoma,NS,30711944,,Previously Reported,Tumour Sample,Unknown,7:55181378..55181378,,,ENST00000638463.1:c.*359C>T,7:g.55181378C>T,2513717,Japanese,lung
2819306,2819306,EGFR_ENST00000454757,ENST00000454757.6,No,Tyrosine kinase inhibitor - NS,133402431,COSV51765492,COSM6240,p.T745M,c.2234C>T,lung,NS,NS,carcinoma,non_small_cell_carcinoma,NS,30711944,,Previously Reported,Tumour Sample,Unknown,7:55181378..55181378,,ENSP00000395243.3:p.Thr745Met,ENST00000454757.6:c.2234C>T,7:g.55181378C>T,2513717,Japanese,lung
2427392,2427392,EGFR,ENST00000275493.6,Yes,Erlotinib,178874787,,COSM21943,p.T790M,c.?,lung,left_upper_lobe,NS,carcinoma,adenocarcinoma,NS,26424310,,Previously Reported,Tumour Sample,Unknown,,1,ENSP00000275493.2:p.Thr790Met,,,2142117,Japanese,lung
2591379,2591379,EGFR,ENST00000275493.6,Yes,Tyrosine kinase inhibitor - NS,178874787,,COSM21943,p.T790M,c.?,lung,NS,NS,carcinoma,non_small_cell_carcinoma,NS,27528220,,Confirmed Somatic,Tumour Sample,Unknown,,1,ENSP00000275493.2:p.Thr790Met,,,2301772,Chinese,lung
1591003,1591003,EGFR,ENST00000275493.6,Yes,Gefitinib,178874787,,COSM21943,p.T790M,c.?,lung,NS,NS,carcinoma,adenocarcinoma,NS,22052230,,Previously Reported,Tumour Sample,Unknown,,1,ENSP00000275493.2:p.Thr790Met,,,1456384,Japanese,lung
1892630,1892630,EGFR,ENST00000275493.6,Yes,Gefitinib,178874787,,COSM21943,p.T790M,c.?,lung,left_upper_lobe,NS,carcinoma,adenocarcinoma,NS,23579627,,Previously Reported,Tumour Sample,Unknown,,1,ENSP00000275493.2:p.Thr790Met,,,1701652,Korean,lung
2591479,2591479,EGFR,ENST00000275493.6,Yes,Tyrosine kinase inhibitor - NS,178874787,,COSM21943,p.T790M,c.?,lung,NS,NS,carcinoma,non_small_cell_carcinoma,NS,27528220,,Confirmed Somatic,Tumour Sample,Unknown,,1,ENSP00000275493.2:p.Thr790Met,,,2301822,Chinese,lung
2591403,2591403,EGFR,ENST00000275493.6,Yes,Tyrosine kinase inhibitor - NS,178874787,,COSM21943,p.T790M,c.?,lung,NS,NS,carcinoma,non_small_cell_carcinoma,NS,27528220,,Confirmed Somatic,Tumour Sample,Unknown,,1,ENSP00000275493.2:p.Thr790Met,,,2301784,Chinese,lung
1590995,1590995,EGFR,ENST00000275493.6,Yes,Gefitinib,178874787,,COSM21943,p.T790M,c.?,lung,NS,NS,carcinoma,adenocarcinoma,NS,22052230,,Previously Reported,Tumour Sample,Unknown,,1,ENSP00000275493.2:p.Thr790Met,,,1456376,Japanese,lung
2591383,2591383,EGFR,ENST00000275493.6,Yes,Tyrosine kinase inhibitor - NS,178874787,,COSM21943,p.T790M,c.?,lung,NS,NS,carcinoma,non_small_cell_carcinoma,NS,27528220,,Confirmed Somatic,Tumour Sample,Unknown,,1,ENSP00000275493.2:p.Thr790Met,,,2301774,Chinese,lung
2822956,2822956,EGFR,ENST00000275493.6,Yes,Icotinib,178874787,,COSM21943,p.T790M,c.?,lung,right_upper_lobe,NS,carcinoma,hepatoid_adenocarcinoma,NS,31558230,,Previously Reported,Tumour Sample,Unknown,,1,ENSP00000275493.2:p.Thr790Met,,,2516871,Asian,lung
1120916,1120916,EGFR,ENST00000275493.6,Yes,Gefitinib,178874787,,COSM21943,p.T790M,c.?,lung,NS,NS,carcinoma,non_small_cell_carcinoma,NS,18509184,,Previously Reported,NS,Unknown,,1,ENSP00000275493.2:p.Thr790Met,,,1008202,Asian,lung
1774678,1774678,EGFR,ENST00000275493.6,Yes,Gefitinib,178874787,,COSM21943,p.T790M,c.?,lung,NS,NS,carcinoma,adenocarcinoma,NS,22993320,,Previously Reported,Tumour Sample,Unknown,,1,ENSP00000275493.2:p.Thr790Met,,,1612568,Japanese,lung
2864405,2864405,EGFR,ENST00000275493.6,Yes,Gefitinib,178874787,,COSM21943,p.T790M,c.?,lung,NS,NS,carcinoma,adenocarcinoma,NS,31761448,,Confirmed Somatic,Tumour Sample,Unknown,,1,ENSP00000275493.2:p.Thr790Met,,,2555812,Chinese,lung
1590996,1590996,EGFR,ENST00000275493.6,Yes,Gefitinib,178874787,,COSM21943,p.T790M,c.?,lung,NS,NS,carcinoma,adenocarcinoma,NS,22052230,,Previously Reported,Tumour Sample,Unknown,,1,ENSP00000275493.2:p.Thr790Met,,,1456377,Japanese,lung
1774666,1774666,EGFR,ENST00000275493.6,Yes,Gefitinib,178874787,,COSM21943,p.T790M,c.?,lung,NS,NS,carcinoma,adenocarcinoma,NS,22993320,,Previously Reported,Tumour Sample,Unknown,,1,ENSP00000275493.2:p.Thr790Met,,,1612562,Japanese,lung
2076936,2076936,EGFR,ENST00000275493.6,Yes,Gefitinib,178874787,,COSM21943,p.T790M,c.?,lung,NS,NS,carcinoma,adenocarcinoma,NS,24369725,,Previously Reported,Tumour Sample,Unknown,,1,ENSP00000275493.2:p.Thr790Met,,,1856104,Korean,lung
2591359,2591359,EGFR,ENST00000275493.6,Yes,Tyrosine kinase inhibitor - NS,178874787,,COSM21943,p.T790M,c.?,lung,NS,NS,carcinoma,non_small_cell_carcinoma,NS,27528220,,Confirmed Somatic,Tumour Sample,Unknown,,1,ENSP00000275493.2:p.Thr790Met,,,2301762,Chinese,lung
2591445,2591445,EGFR,ENST00000275493.6,Yes,Tyrosine kinase inhibitor - NS,178874787,,COSM21943,p.T790M,c.?,lung,NS,NS,carcinoma,non_small_cell_carcinoma,NS,27528220,,Confirmed Somatic,Tumour Sample,Unknown,,1,ENSP00000275493.2:p.Thr790Met,,,2301805,Chinese,lung
2591349,2591349,EGFR,ENST00000275493.6,Yes,Tyrosine kinase inhibitor - NS,178874787,,COSM21943,p.T790M,c.?,lung,NS,NS,carcinoma,non_small_cell_carcinoma,NS,27528220,,Confirmed Somatic,Tumour Sample,Unknown,,1,ENSP00000275493.2:p.Thr790Met,,,2301757,Chinese,lung
2293725,2293725,ALK_ENST00000642122,ENST00000642122.1,No,Alectinib,177503218,COSV66556242,COSM28498,p.I103N,c.308T>A,lung,NS,NS,carcinoma,adenocarcinoma,NS,25393796,,Previously Reported,Tumour Sample,Heterozygous,2:29222347..29222347,,ENSP00000493203.1:p.Ile103Asn,ENST00000642122.1:c.308T>A,2:g.29222347A>T,2026442,Dutch Indonesian,lung
2293725,2293725,ALK,ENST00000389048.7,Yes,Alectinib,117218553,COSV66556242,COSM28498,p.I1171N,c.3512T>A,lung,NS,NS,carcinoma,adenocarcinoma,NS,25393796,,Previously Reported,Tumour Sample,Heterozygous,2:29222347..29222347,1,ENSP00000373700.3:p.Ile1171Asn,ENST00000389048.7:c.3512T>A,2:g.29222347A>T,2026442,Dutch Indonesian,lung
2293725,2293725,ALK_ENST00000618119,ENST00000618119.4,No,Alectinib,168295052,COSV66556242,COSM28498,p.I794N,c.2381T>A,lung,NS,NS,carcinoma,adenocarcinoma,NS,25393796,,Previously Reported,Tumour Sample,Heterozygous,2:29222347..29222347,,ENSP00000482733.1:p.Ile794Asn,ENST00000618119.4:c.2381T>A,2:g.29222347A>T,2026442,Dutch Indonesian,lung
2591335,2591335,EGFR,ENST00000275493.6,Yes,Tyrosine kinase inhibitor - NS,178874787,,COSM21943,p.T790M,c.?,lung,NS,NS,carcinoma,non_small_cell_carcinoma,NS,27528220,,Confirmed Somatic,Tumour Sample,Unknown,,1,ENSP00000275493.2:p.Thr790Met,,,2301750,Chinese,lung
2876046,2876046,MET,ENST00000318493.10,Yes,Osimertinib,178874888,,COSM24688,p.?,c.?,lung,NS,NS,carcinoma,adenocarcinoma,NS,29506987,,Confirmed Somatic,Tumour Sample,Unknown,,1,,,,2566479,Chinese,lung
1590993,1590993,EGFR,ENST00000275493.6,Yes,Gefitinib,178874787,,COSM21943,p.T790M,c.?,lung,NS,NS,carcinoma,adenocarcinoma,NS,22052230,,Previously Reported,Tumour Sample,Unknown,,1,ENSP00000275493.2:p.Thr790Met,,,1456375,Japanese,lung
2591441,2591441,EGFR,ENST00000275493.6,Yes,Tyrosine kinase inhibitor - NS,178874787,,COSM21943,p.T790M,c.?,lung,NS,NS,carcinoma,non_small_cell_carcinoma,NS,27528220,,Confirmed Somatic,Tumour Sample,Unknown,,1,ENSP00000275493.2:p.Thr790Met,,,2301803,Chinese,lung
1774676,1774676,EGFR,ENST00000275493.6,Yes,Gefitinib,178874787,,COSM21943,p.T790M,c.?,lung,NS,NS,carcinoma,adenocarcinoma,NS,22993320,,Previously Reported,Tumour Sample,Unknown,,1,ENSP00000275493.2:p.Thr790Met,,,1612567,Japanese,lung
2822953,2822953,EGFR,ENST00000275493.6,Yes,Gefitinib,178874787,,COSM21943,p.T790M,c.?,lung,NS,NS,carcinoma,adenocarcinoma,NS,29807405,,Previously Reported,Tumour Sample,Unknown,,1,ENSP00000275493.2:p.Thr790Met,,,2516870,Korean,lung
1591008,1591008,EGFR,ENST00000275493.6,Yes,Gefitinib,178874787,,COSM21943,p.T790M,c.?,lung,NS,NS,carcinoma,adenocarcinoma,NS,22052230,,Previously Reported,Tumour Sample,Unknown,,1,ENSP00000275493.2:p.Thr790Met,,,1456388,Japanese,lung
2815054,2815054,EGFR,ENST00000275493.6,Yes,Osimertinib,178883769,,COSM7002300,p.C797G,c.?,lung,left_lower_lobe,NS,carcinoma,adenocarcinoma,NS,29807405,,Previously Reported,Tumour Sample,Unknown,,1,ENSP00000275493.2:p.Cys797Gly,,,2509691,Korean,lung
2819291,2819291,MET,ENST00000318493.10,Yes,Tyrosine kinase inhibitor - NS,178874888,,COSM24688,p.?,c.?,lung,NS,NS,carcinoma,non_small_cell_carcinoma,NS,30711944,,Previously Reported,Tumour Sample,Unknown,,1,,,,2513704,Japanese,lung
1591009,1591009,EGFR,ENST00000275493.6,Yes,Gefitinib,178874787,,COSM21943,p.T790M,c.?,lung,NS,NS,carcinoma,adenocarcinoma,NS,22052230,,Previously Reported,Tumour Sample,Unknown,,1,ENSP00000275493.2:p.Thr790Met,,,1456389,Japanese,lung
2591397,2591397,EGFR,ENST00000275493.6,Yes,Tyrosine kinase inhibitor - NS,178874787,,COSM21943,p.T790M,c.?,lung,NS,NS,carcinoma,non_small_cell_carcinoma,NS,27528220,,Confirmed Somatic,Tumour Sample,Unknown,,1,ENSP00000275493.2:p.Thr790Met,,,2301781,Chinese,lung
2076938,2076938,EGFR,ENST00000275493.6,Yes,Gefitinib,178874787,,COSM21943,p.T790M,c.?,lung,NS,NS,carcinoma,adenocarcinoma,NS,24369725,,Previously Reported,Tumour Sample,Unknown,,1,ENSP00000275493.2:p.Thr790Met,,,1856105,Korean,lung
1590999,1590999,EGFR,ENST00000275493.6,Yes,Gefitinib,178874787,,COSM21943,p.T790M,c.?,lung,NS,NS,carcinoma,adenocarcinoma,NS,22052230,,Previously Reported,Tumour Sample,Unknown,,1,ENSP00000275493.2:p.Thr790Met,,,1456380,Japanese,lung
2076946,2076946,EGFR,ENST00000275493.6,Yes,Gefitinib,178874787,,COSM21943,p.T790M,c.?,lung,NS,NS,carcinoma,adenocarcinoma,NS,24369725,,Previously Reported,Tumour Sample,Unknown,,1,ENSP00000275493.2:p.Thr790Met,,,1856109,Korean,lung
2591371,2591371,EGFR,ENST00000275493.6,Yes,Tyrosine kinase inhibitor - NS,178874787,,COSM21943,p.T790M,c.?,lung,NS,NS,carcinoma,non_small_cell_carcinoma,NS,27528220,,Confirmed Somatic,Tumour Sample,Unknown,,1,ENSP00000275493.2:p.Thr790Met,,,2301768,Chinese,lung
2839891,2839891,MET,ENST00000318493.10,Yes,Erlotinib,178874888,,COSM24688,p.?,c.?,lung,NS,NS,carcinoma,adenocarcinoma,NS,28961830,,Previously Reported,Tumour Sample,Unknown,,1,,,,2532680,Chinese,lung
2591415,2591415,EGFR,ENST00000275493.6,Yes,Tyrosine kinase inhibitor - NS,178874787,,COSM21943,p.T790M,c.?,lung,NS,NS,carcinoma,non_small_cell_carcinoma,NS,27528220,,Confirmed Somatic,Tumour Sample,Unknown,,1,ENSP00000275493.2:p.Thr790Met,,,2301790,Chinese,lung
1774662,1774662,EGFR,ENST00000275493.6,Yes,Gefitinib,178874787,,COSM21943,p.T790M,c.?,lung,NS,NS,carcinoma,adenocarcinoma,NS,22993320,,Previously Reported,Tumour Sample,Unknown,,1,ENSP00000275493.2:p.Thr790Met,,,1612560,Japanese,lung
2815053,2815053,EGFR,ENST00000275493.6,Yes,Gefitinib,178874787,,COSM21943,p.T790M,c.?,lung,left_lower_lobe,NS,carcinoma,adenocarcinoma,NS,29807405,,Previously Reported,Tumour Sample,Unknown,,1,ENSP00000275493.2:p.Thr790Met,,,2509691,Korean,lung
2313150,2313150,ESR1_ENST00000427531,ENST00000427531.6,No,Endocrine therapy,125361601,COSV52781024,COSM94250,p.?,c.851-26475A>G,breast,NS,NS,carcinoma,ductal_carcinoma,NS,24217577,,Previously Reported,Tumour Sample,Unknown,6:152098791..152098791,,,ENST00000427531.6:c.851-26475A>G,6:g.152098791A>G,2040657,Israeli,breast
2313150,2313150,ESR1,ENST00000440973.5,Yes,Endocrine therapy,127664265,COSV52781024,COSM94250,p.D538G,c.1613A>G,breast,NS,NS,carcinoma,ductal_carcinoma,NS,24217577,,Previously Reported,Tumour Sample,Unknown,6:152098791..152098791,1,ENSP00000405330.1:p.Asp538Gly,ENST00000440973.5:c.1613A>G,6:g.152098791A>G,2040657,Israeli,breast
2313150,2313150,ESR1_ENST00000406599,ENST00000406599.5,No,Endocrine therapy,121503597,COSV52781024,COSM94250,p.D277G,c.830A>G,breast,NS,NS,carcinoma,ductal_carcinoma,NS,24217577,,Previously Reported,Tumour Sample,Unknown,6:152098791..152098791,,ENSP00000384064.1:p.Asp277Gly,ENST00000406599.5:c.830A>G,6:g.152098791A>G,2040657,Israeli,breast
2313150,2313150,ESR1_ENST00000443427,ENST00000443427.5,No,Endocrine therapy,128560299,COSV52781024,COSM94250,p.D538G,c.1613A>G,breast,NS,NS,carcinoma,ductal_carcinoma,NS,24217577,,Previously Reported,Tumour Sample,Unknown,6:152098791..152098791,,ENSP00000387500.1:p.Asp538Gly,ENST00000443427.5:c.1613A>G,6:g.152098791A>G,2040657,Israeli,breast
2313150,2313150,ESR1_ENST00000456483,ENST00000456483.3,No,Endocrine therapy,133596629,COSV52781024,COSM94250,p.?,c.*488A>G,breast,NS,NS,carcinoma,ductal_carcinoma,NS,24217577,,Previously Reported,Tumour Sample,Unknown,6:152098791..152098791,,,ENST00000456483.3:c.*488A>G,6:g.152098791A>G,2040657,Israeli,breast
2313150,2313150,ESR1_ENST00000338799,ENST00000338799.9,No,Endocrine therapy,103710009,COSV52781024,COSM94250,p.D538G,c.1613A>G,breast,NS,NS,carcinoma,ductal_carcinoma,NS,24217577,,Previously Reported,Tumour Sample,Unknown,6:152098791..152098791,,ENSP00000342630.5:p.Asp538Gly,ENST00000338799.9:c.1613A>G,6:g.152098791A>G,2040657,Israeli,breast
2313150,2313150,ESR1_ENST00000206249,ENST00000206249.7,No,Endocrine therapy,97301173,COSV52781024,COSM94250,p.D538G,c.1613A>G,breast,NS,NS,carcinoma,ductal_carcinoma,NS,24217577,,Previously Reported,Tumour Sample,Unknown,6:152098791..152098791,,ENSP00000206249.3:p.Asp538Gly,ENST00000206249.7:c.1613A>G,6:g.152098791A>G,2040657,Israeli,breast
2313147,2313147,ESR1,ENST00000440973.5,Yes,Endocrine therapy,127664265,COSV52781024,COSM94250,p.D538G,c.1613A>G,breast,NS,NS,carcinoma,ductal_carcinoma,NS,24217577,,Previously Reported,Tumour Sample,Unknown,6:152098791..152098791,1,ENSP00000405330.1:p.Asp538Gly,ENST00000440973.5:c.1613A>G,6:g.152098791A>G,2040656,Israeli,breast
2313147,2313147,ESR1_ENST00000443427,ENST00000443427.5,No,Endocrine therapy,128560299,COSV52781024,COSM94250,p.D538G,c.1613A>G,breast,NS,NS,carcinoma,ductal_carcinoma,NS,24217577,,Previously Reported,Tumour Sample,Unknown,6:152098791..152098791,,ENSP00000387500.1:p.Asp538Gly,ENST00000443427.5:c.1613A>G,6:g.152098791A>G,2040656,Israeli,breast
2313147,2313147,ESR1_ENST00000456483,ENST00000456483.3,No,Endocrine therapy,133596629,COSV52781024,COSM94250,p.?,c.*488A>G,breast,NS,NS,carcinoma,ductal_carcinoma,NS,24217577,,Previously Reported,Tumour Sample,Unknown,6:152098791..152098791,,,ENST00000456483.3:c.*488A>G,6:g.152098791A>G,2040656,Israeli,breast
2313147,2313147,ESR1_ENST00000406599,ENST00000406599.5,No,Endocrine therapy,121503597,COSV52781024,COSM94250,p.D277G,c.830A>G,breast,NS,NS,carcinoma,ductal_carcinoma,NS,24217577,,Previously Reported,Tumour Sample,Unknown,6:152098791..152098791,,ENSP00000384064.1:p.Asp277Gly,ENST00000406599.5:c.830A>G,6:g.152098791A>G,2040656,Israeli,breast
2313147,2313147,ESR1_ENST00000427531,ENST00000427531.6,No,Endocrine therapy,125361601,COSV52781024,COSM94250,p.?,c.851-26475A>G,breast,NS,NS,carcinoma,ductal_carcinoma,NS,24217577,,Previously Reported,Tumour Sample,Unknown,6:152098791..152098791,,,ENST00000427531.6:c.851-26475A>G,6:g.152098791A>G,2040656,Israeli,breast
2313147,2313147,ESR1_ENST00000206249,ENST00000206249.7,No,Endocrine therapy,97301173,COSV52781024,COSM94250,p.D538G,c.1613A>G,breast,NS,NS,carcinoma,ductal_carcinoma,NS,24217577,,Previously Reported,Tumour Sample,Unknown,6:152098791..152098791,,ENSP00000206249.3:p.Asp538Gly,ENST00000206249.7:c.1613A>G,6:g.152098791A>G,2040656,Israeli,breast
2313147,2313147,ESR1_ENST00000338799,ENST00000338799.9,No,Endocrine therapy,103710009,COSV52781024,COSM94250,p.D538G,c.1613A>G,breast,NS,NS,carcinoma,ductal_carcinoma,NS,24217577,,Previously Reported,Tumour Sample,Unknown,6:152098791..152098791,,ENSP00000342630.5:p.Asp538Gly,ENST00000338799.9:c.1613A>G,6:g.152098791A>G,2040656,Israeli,breast
2313152,2313152,ESR1_ENST00000338799,ENST00000338799.9,No,Endocrine therapy,103710009,COSV52781024,COSM94250,p.D538G,c.1613A>G,breast,NS,NS,carcinoma,ductal_carcinoma,NS,24217577,,Previously Reported,Tumour Sample,Unknown,6:152098791..152098791,,ENSP00000342630.5:p.Asp538Gly,ENST00000338799.9:c.1613A>G,6:g.152098791A>G,2040658,Israeli,breast
2313152,2313152,ESR1_ENST00000443427,ENST00000443427.5,No,Endocrine therapy,128560299,COSV52781024,COSM94250,p.D538G,c.1613A>G,breast,NS,NS,carcinoma,ductal_carcinoma,NS,24217577,,Previously Reported,Tumour Sample,Unknown,6:152098791..152098791,,ENSP00000387500.1:p.Asp538Gly,ENST00000443427.5:c.1613A>G,6:g.152098791A>G,2040658,Israeli,breast
2313152,2313152,ESR1_ENST00000456483,ENST00000456483.3,No,Endocrine therapy,133596629,COSV52781024,COSM94250,p.?,c.*488A>G,breast,NS,NS,carcinoma,ductal_carcinoma,NS,24217577,,Previously Reported,Tumour Sample,Unknown,6:152098791..152098791,,,ENST00000456483.3:c.*488A>G,6:g.152098791A>G,2040658,Israeli,breast
2313152,2313152,ESR1,ENST00000440973.5,Yes,Endocrine therapy,127664265,COSV52781024,COSM94250,p.D538G,c.1613A>G,breast,NS,NS,carcinoma,ductal_carcinoma,NS,24217577,,Previously Reported,Tumour Sample,Unknown,6:152098791..152098791,1,ENSP00000405330.1:p.Asp538Gly,ENST00000440973.5:c.1613A>G,6:g.152098791A>G,2040658,Israeli,breast
2313152,2313152,ESR1_ENST00000206249,ENST00000206249.7,No,Endocrine therapy,97301173,COSV52781024,COSM94250,p.D538G,c.1613A>G,breast,NS,NS,carcinoma,ductal_carcinoma,NS,24217577,,Previously Reported,Tumour Sample,Unknown,6:152098791..152098791,,ENSP00000206249.3:p.Asp538Gly,ENST00000206249.7:c.1613A>G,6:g.152098791A>G,2040658,Israeli,breast
2313152,2313152,ESR1_ENST00000406599,ENST00000406599.5,No,Endocrine therapy,121503597,COSV52781024,COSM94250,p.D277G,c.830A>G,breast,NS,NS,carcinoma,ductal_carcinoma,NS,24217577,,Previously Reported,Tumour Sample,Unknown,6:152098791..152098791,,ENSP00000384064.1:p.Asp277Gly,ENST00000406599.5:c.830A>G,6:g.152098791A>G,2040658,Israeli,breast
2313152,2313152,ESR1_ENST00000427531,ENST00000427531.6,No,Endocrine therapy,125361601,COSV52781024,COSM94250,p.?,c.851-26475A>G,breast,NS,NS,carcinoma,ductal_carcinoma,NS,24217577,,Previously Reported,Tumour Sample,Unknown,6:152098791..152098791,,,ENST00000427531.6:c.851-26475A>G,6:g.152098791A>G,2040658,Israeli,breast
2313156,2313156,ESR1_ENST00000406599,ENST00000406599.5,No,Endocrine therapy,121503597,COSV52781024,COSM94250,p.D277G,c.830A>G,breast,NS,NS,carcinoma,ductal_carcinoma,NS,24217577,,Previously Reported,Tumour Sample,Unknown,6:152098791..152098791,,ENSP00000384064.1:p.Asp277Gly,ENST00000406599.5:c.830A>G,6:g.152098791A>G,2040660,Israeli,breast
2313156,2313156,ESR1_ENST00000456483,ENST00000456483.3,No,Endocrine therapy,133596629,COSV52781024,COSM94250,p.?,c.*488A>G,breast,NS,NS,carcinoma,ductal_carcinoma,NS,24217577,,Previously Reported,Tumour Sample,Unknown,6:152098791..152098791,,,ENST00000456483.3:c.*488A>G,6:g.152098791A>G,2040660,Israeli,breast
2313156,2313156,ESR1_ENST00000443427,ENST00000443427.5,No,Endocrine therapy,128560299,COSV52781024,COSM94250,p.D538G,c.1613A>G,breast,NS,NS,carcinoma,ductal_carcinoma,NS,24217577,,Previously Reported,Tumour Sample,Unknown,6:152098791..152098791,,ENSP00000387500.1:p.Asp538Gly,ENST00000443427.5:c.1613A>G,6:g.152098791A>G,2040660,Israeli,breast
2313156,2313156,ESR1_ENST00000338799,ENST00000338799.9,No,Endocrine therapy,103710009,COSV52781024,COSM94250,p.D538G,c.1613A>G,breast,NS,NS,carcinoma,ductal_carcinoma,NS,24217577,,Previously Reported,Tumour Sample,Unknown,6:152098791..152098791,,ENSP00000342630.5:p.Asp538Gly,ENST00000338799.9:c.1613A>G,6:g.152098791A>G,2040660,Israeli,breast
2313156,2313156,ESR1_ENST00000427531,ENST00000427531.6,No,Endocrine therapy,125361601,COSV52781024,COSM94250,p.?,c.851-26475A>G,breast,NS,NS,carcinoma,ductal_carcinoma,NS,24217577,,Previously Reported,Tumour Sample,Unknown,6:152098791..152098791,,,ENST00000427531.6:c.851-26475A>G,6:g.152098791A>G,2040660,Israeli,breast
2313156,2313156,ESR1,ENST00000440973.5,Yes,Endocrine therapy,127664265,COSV52781024,COSM94250,p.D538G,c.1613A>G,breast,NS,NS,carcinoma,ductal_carcinoma,NS,24217577,,Previously Reported,Tumour Sample,Unknown,6:152098791..152098791,1,ENSP00000405330.1:p.Asp538Gly,ENST00000440973.5:c.1613A>G,6:g.152098791A>G,2040660,Israeli,breast
2313156,2313156,ESR1_ENST00000206249,ENST00000206249.7,No,Endocrine therapy,97301173,COSV52781024,COSM94250,p.D538G,c.1613A>G,breast,NS,NS,carcinoma,ductal_carcinoma,NS,24217577,,Previously Reported,Tumour Sample,Unknown,6:152098791..152098791,,ENSP00000206249.3:p.Asp538Gly,ENST00000206249.7:c.1613A>G,6:g.152098791A>G,2040660,Israeli,breast
2313154,2313154,ESR1_ENST00000206249,ENST00000206249.7,No,Endocrine therapy,97301173,COSV52781024,COSM94250,p.D538G,c.1613A>G,breast,NS,NS,carcinoma,ductal_carcinoma,NS,24217577,,Previously Reported,Tumour Sample,Unknown,6:152098791..152098791,,ENSP00000206249.3:p.Asp538Gly,ENST00000206249.7:c.1613A>G,6:g.152098791A>G,2040659,Israeli,breast
2313154,2313154,ESR1_ENST00000406599,ENST00000406599.5,No,Endocrine therapy,121503597,COSV52781024,COSM94250,p.D277G,c.830A>G,breast,NS,NS,carcinoma,ductal_carcinoma,NS,24217577,,Previously Reported,Tumour Sample,Unknown,6:152098791..152098791,,ENSP00000384064.1:p.Asp277Gly,ENST00000406599.5:c.830A>G,6:g.152098791A>G,2040659,Israeli,breast
2313154,2313154,ESR1_ENST00000456483,ENST00000456483.3,No,Endocrine therapy,133596629,COSV52781024,COSM94250,p.?,c.*488A>G,breast,NS,NS,carcinoma,ductal_carcinoma,NS,24217577,,Previously Reported,Tumour Sample,Unknown,6:152098791..152098791,,,ENST00000456483.3:c.*488A>G,6:g.152098791A>G,2040659,Israeli,breast
2313154,2313154,ESR1,ENST00000440973.5,Yes,Endocrine therapy,127664265,COSV52781024,COSM94250,p.D538G,c.1613A>G,breast,NS,NS,carcinoma,ductal_carcinoma,NS,24217577,,Previously Reported,Tumour Sample,Unknown,6:152098791..152098791,1,ENSP00000405330.1:p.Asp538Gly,ENST00000440973.5:c.1613A>G,6:g.152098791A>G,2040659,Israeli,breast
2313154,2313154,ESR1_ENST00000427531,ENST00000427531.6,No,Endocrine therapy,125361601,COSV52781024,COSM94250,p.?,c.851-26475A>G,breast,NS,NS,carcinoma,ductal_carcinoma,NS,24217577,,Previously Reported,Tumour Sample,Unknown,6:152098791..152098791,,,ENST00000427531.6:c.851-26475A>G,6:g.152098791A>G,2040659,Israeli,breast
2313154,2313154,ESR1_ENST00000443427,ENST00000443427.5,No,Endocrine therapy,128560299,COSV52781024,COSM94250,p.D538G,c.1613A>G,breast,NS,NS,carcinoma,ductal_carcinoma,NS,24217577,,Previously Reported,Tumour Sample,Unknown,6:152098791..152098791,,ENSP00000387500.1:p.Asp538Gly,ENST00000443427.5:c.1613A>G,6:g.152098791A>G,2040659,Israeli,breast
2313154,2313154,ESR1_ENST00000338799,ENST00000338799.9,No,Endocrine therapy,103710009,COSV52781024,COSM94250,p.D538G,c.1613A>G,breast,NS,NS,carcinoma,ductal_carcinoma,NS,24217577,,Previously Reported,Tumour Sample,Unknown,6:152098791..152098791,,ENSP00000342630.5:p.Asp538Gly,ENST00000338799.9:c.1613A>G,6:g.152098791A>G,2040659,Israeli,breast
2816901,2816901,FGFR4_ENST00000393637,ENST00000393637.5,No,Fisogatinib,178880696,,COSM9274137,p.V510M,c.?,liver,NS,NS,carcinoma,hepatocellular_carcinoma,NS,31575540,,Variant of unknown origin,Tumour Sample,Unknown,,,ENSP00000377254.1:p.Val510Met,,,2511477,Asian,hepatocellular_carcinoma
2816901,2816901,FGFR4,ENST00000292408.8,Yes,Fisogatinib,178880695,,COSM9514493,p.V550M,c.?,liver,NS,NS,carcinoma,hepatocellular_carcinoma,NS,31575540,,Variant of unknown origin,Tumour Sample,Unknown,,1,ENSP00000292408.4:p.Val550Met,,,2511477,Asian,hepatocellular_carcinoma
